bits,frequencia
32772,1
32778,1
32780,1
32782,1
32797,1
32808,1
32810,1
32840,1
32855,1
32877,1
32887,1
32890,1
32896,2
32907,1
32924,2
32929,1
32930,1
32956,1
32958,1
32965,1
33010,1
33013,1
33014,1
33019,1
33022,1
33029,1
33030,1
33032,1
33040,1
33056,1
33064,1
33079,1
33081,1
33090,1
33110,1
33155,1
33222,2
33227,1
33230,1
33280,1
33293,1
33301,1
33306,1
33322,1
33339,1
33343,1
33344,1
33360,1
33375,1
33376,1
33384,1
33392,1
33408,1
33430,1
33469,1
33471,1
33479,1
33529,1
33541,1
33546,1
33600,1
33618,1
33640,1
33664,1
33676,1
33680,1
33693,1
33694,1
33699,1
33703,1
33707,1
33719,1
33724,1
33731,1
33736,1
33741,2
33752,1
33754,1
33781,1
33807,1
33819,1
33830,1
33858,1
33864,1
33880,1
33881,1
33915,1
33923,1
33928,1
33950,1
33971,1
33988,1
33995,1
34002,1
34008,1
34012,1
34038,1
34044,1
34065,1
34066,1
34093,1
34096,1
34103,1
34121,1
34134,1
34149,1
34160,1
34183,1
34189,1
34198,1
34199,1
34208,2
34228,1
34230,1
34236,2
34245,1
34261,1
34268,1
34278,1
34286,1
34287,1
34288,1
34289,1
34290,1
34296,1
34301,1
34305,1
34306,1
34309,1
34314,1
34315,1
34319,1
34323,1
34333,1
34338,1
34342,1
34381,1
34388,1
34401,1
34410,1
34414,1
34428,1
34445,1
34453,1
34466,1
34469,1
34470,1
34476,1
34488,1
34525,1
34532,2
34549,1
34552,1
34586,1
34599,1
34602,1
34632,2
34639,1
34653,1
34665,1
34669,1
34714,1
34727,1
34763,1
34764,1
34767,1
34769,1
34774,1
34796,1
34824,1
34837,1
34849,1
34852,1
34865,1
34870,1
34890,1
34909,1
34936,1
34966,2
34981,1
35005,1
35021,1
35030,1
35062,1
35070,1
35073,1
35082,1
35093,1
35105,1
35107,1
35108,2
35124,1
35156,2
35162,1
35163,1
35190,1
35193,1
35200,1
35213,1
35215,1
35221,1
35224,1
35266,1
35272,1
35274,1
35291,1
35323,1
35365,1
35375,1
35376,1
35380,1
35391,1
35440,1
35441,1
35442,1
35452,1
35458,1
35461,1
35487,1
35490,1
35507,1
35530,1
35535,1
35540,2
35543,1
35573,1
35583,1
35585,2
35586,1
35591,1
35597,1
35629,1
35653,1
35672,1
35673,1
35688,1
35703,1
35719,1
35723,1
35745,1
35755,1
35762,1
35764,1
35783,1
35815,1
35818,1
35855,1
35856,1
35891,1
35909,2
35940,1
35946,1
35953,2
35983,2
36030,1
36031,1
36042,1
36053,1
36084,1
36094,1
36095,1
36096,1
36137,1
36144,1
36145,1
36146,1
36165,1
36175,1
36184,1
36204,1
36207,1
36228,1
36229,1
36237,2
36251,1
36263,1
36273,1
36275,1
36279,1
36284,1
36306,1
36326,1
36368,1
36376,1
36402,1
36416,2
36417,1
36421,1
36438,1
36443,1
36448,1
36463,1
36473,2
36483,1
36492,1
36498,1
36511,1
36562,1
36567,1
36585,1
36597,1
36601,1
36609,1
36623,1
36662,1
36668,1
36675,1
36687,1
36690,1
36693,1
36743,1
36748,1
36762,1
36784,1
36785,2
36798,1
36804,1
36805,1
36807,1
36809,1
36819,1
36823,1
36824,1
36826,1
36831,1
36842,1
36846,1
36872,1
36877,1
36906,1
36910,1
36929,1
36930,1
36935,1
36953,1
36988,1
36993,1
36997,1
37028,1
37035,1
37057,1
37087,1
37103,2
37105,1
37110,1
37111,1
37129,1
37137,1
37149,1
37173,1
37207,1
37210,1
37211,1
37212,1
37214,1
37243,1
37246,1
37261,1
37284,1
37289,1
37293,1
37299,2
37309,1
37323,1
37325,1
37328,1
37348,1
37350,1
37368,1
37394,1
37401,1
37418,1
37438,1
37446,1
37469,1
37473,1
37489,1
37505,1
37506,1
37508,1
37534,1
37545,1
37578,1
37583,2
37588,1
37597,1
37599,1
37601,1
37605,1
37614,1
37615,1
37632,1
37634,1
37641,1
37645,1
37646,1
37649,1
37657,1
37658,1
37669,1
37698,1
37704,1
37720,1
37753,1
37758,1
37782,1
37790,1
37791,1
37797,1
37814,1
37826,1
37827,1
37842,1
37859,1
37860,1
37865,2
37875,1
37882,1
37888,1
37894,1
37929,1
37942,1
37945,1
37955,1
37961,1
37963,1
37997,1
38011,1
38026,1
38045,1
38047,1
38048,1
38054,1
38080,1
38092,1
38097,2
38115,1
38128,1
38147,1
38158,1
38165,1
38184,1
38186,1
38189,1
38212,1
38217,1
38229,1
38234,1
38244,1
38262,1
38264,1
38266,1
38267,1
38273,1
38274,1
38287,1
38288,1
38299,1
38305,1
38341,1
38376,1
38391,1
38402,1
38419,1
38451,1
38455,1
38457,1
38474,1
38488,1
38505,1
38508,1
38509,1
38521,1
38551,1
38559,1
38567,1
38592,1
38593,1
38646,1
38657,1
38671,1
38716,1
38747,1
38755,1
38764,1
38777,1
38784,1
38786,2
38809,1
38848,1
38870,1
38883,1
38893,1
38904,1
38929,1
38942,1
38943,1
38949,1
38963,1
38968,2
38992,1
39008,1
39027,1
39048,1
39069,1
39072,1
39082,1
39092,1
39097,2
39105,1
39106,1
39113,1
39121,1
39152,1
39185,1
39197,1
39212,1
39218,1
39236,1
39247,1
39248,1
39308,1
39326,1
39329,2
39331,1
39335,1
39363,1
39366,1
39388,1
39403,1
39418,1
39421,1
39448,2
39461,1
39474,1
39476,1
39477,1
39478,1
39479,1
39484,1
39495,1
39499,1
39508,1
39509,1
39512,1
39514,1
39523,1
39581,1
39599,1
39601,1
39614,1
39643,1
39653,1
39663,1
39672,1
39706,1
39707,1
39715,1
39721,1
39724,1
39730,1
39751,1
39755,1
39760,2
39772,1
39784,1
39786,1
39806,1
39807,1
39810,1
39811,1
39829,1
39852,1
39865,1
39916,1
39929,1
39947,1
39966,1
39972,1
39998,1
40001,2
40006,1
40014,1
40020,1
40022,1
40026,1
40046,1
40053,1
40062,1
40069,1
40071,1
40082,1
40087,1
40095,1
40114,2
40128,1
40129,1
40138,1
40142,1
40172,1
40187,1
40217,1
40227,2
40265,1
40287,1
40294,1
40305,2
40312,1
40324,1
40331,1
40344,1
40359,1
40386,1
40390,1
40391,1
40418,1
40423,1
40441,1
40443,1
40458,1
40462,1
40470,1
40475,1
40479,1
40486,1
40493,1
40494,1
40531,1
40608,1
40618,1
40627,1
40641,1
40642,1
40648,1
40651,1
40673,1
40676,1
40682,1
40685,1
40689,1
40700,1
40705,1
40712,2
40713,1
40714,1
40721,1
40756,1
40758,1
40763,1
40775,1
40783,1
40814,1
40820,1
40832,1
40843,1
40859,1
40863,1
40887,1
40889,1
40891,1
40902,1
40943,1
40947,1
40957,1
40963,2
40968,2
40976,1
40983,1
40984,1
40995,1
40997,1
40998,1
41023,1
41026,1
41033,1
41036,1
41052,1
41085,1
41086,1
41092,1
41123,1
41149,1
41158,1
41174,1
41177,1
41180,1
41192,1
41198,1
41219,1
41230,1
41249,1
41258,1
41266,1
41270,1
41273,1
41290,1
41304,1
41330,1
41331,1
41343,1
41356,1
41364,1
41392,1
41393,1
41397,1
41403,1
41404,1
41428,2
41433,1
41453,1
41491,1
41497,1
41498,1
41521,1
41527,1
41548,1
41569,1
41576,1
41577,1
41604,1
41624,1
41632,1
41643,1
41673,1
41696,1
41700,1
41706,1
41711,1
41749,1
41752,1
41753,1
41761,1
41766,1
41768,1
41782,1
41801,1
41818,1
41838,1
41861,1
41866,1
41871,1
41873,1
41889,1
41914,1
41970,1
41973,1
42015,1
42054,1
42056,1
42088,1
42095,1
42096,1
42105,1
42111,1
42112,1
42113,1
42115,1
42136,1
42176,1
42205,1
42231,1
42237,1
42250,1
42266,1
42272,1
42307,1
42319,1
42351,1
42366,1
42393,1
42401,1
42478,1
42484,1
42489,2
42499,1
42503,1
42515,1
42533,1
42555,1
42577,1
42615,1
42626,1
42640,1
42644,1
42673,1
42677,1
42678,1
42696,1
42710,1
42711,1
42718,1
42726,1
42728,1
42730,2
42740,1
42744,1
42766,1
42770,1
42775,1
42783,2
42784,1
42807,1
42808,1
42810,1
42819,1
42842,1
42851,1
42857,1
42860,1
42870,1
42892,1
42905,1
42911,1
42920,1
42935,1
42944,1
42948,1
42969,1
42987,1
43001,1
43002,1
43016,1
43047,1
43048,1
43067,1
43081,1
43163,1
43176,1
43197,1
43201,1
43207,1
43229,1
43247,1
43261,1
43276,1
43303,1
43306,1
43337,1
43338,1
43354,1
43361,1
43366,2
43373,2
43394,1
43428,1
43435,1
43461,2
43473,2
43475,1
43515,1
43524,1
43573,1
43591,1
43606,1
43610,1
43612,1
43622,1
43624,1
43629,1
43644,1
43654,2
43677,1
43687,1
43696,1
43698,1
43773,1
43783,1
43784,1
43800,1
43820,1
43840,1
43875,1
43876,1
43878,1
43879,1
43882,1
43933,2
43943,1
43957,1
43971,1
43983,1
44000,1
44008,1
44018,1
44026,1
44036,1
44050,1
44057,1
44069,1
44108,1
44123,1
44138,1
44161,1
44163,1
44164,1
44171,1
44172,1
44177,1
44196,1
44210,1
44225,1
44261,1
44292,1
44327,1
44328,1
44330,1
44331,1
44342,1
44343,1
44359,1
44365,1
44376,1
44392,1
44393,1
44405,1
44407,1
44426,2
44432,1
44439,1
44454,1
44465,1
44471,1
44483,1
44488,1
44494,1
44500,1
44508,1
44513,1
44514,1
44556,1
44598,1
44604,1
44620,1
44628,1
44630,1
44642,1
44646,1
44648,1
44651,1
44664,1
44672,1
44673,1
44676,1
44677,1
44681,1
44714,1
44728,1
44747,1
44755,1
44766,1
44769,1
44818,1
44830,1
44845,1
44849,1
44853,1
44873,1
44875,1
44889,2
44890,1
44895,1
44896,1
44909,1
44913,1
44922,1
44941,1
44943,1
44945,1
44946,1
44952,1
44962,1
44963,1
44980,1
44982,1
44993,1
44999,1
45026,1
45027,2
45085,1
45091,1
45094,1
45105,1
45145,1
45150,1
45178,1
45203,1
45215,1
45216,1
45223,1
45232,2
45237,1
45238,1
45248,1
45250,1
45269,1
45271,1
45280,1
45290,1
45300,1
45302,1
45304,1
45308,1
45327,1
45339,1
45389,1
45391,1
45407,1
45428,1
45448,1
45453,1
45456,1
45460,1
45472,1
45477,1
45490,1
45514,1
45515,1
45521,1
45529,1
45533,1
45549,1
45556,1
45579,1
45595,1
45599,1
45610,1
45641,2
45644,1
45653,1
45663,1
45669,1
45691,1
45694,1
45700,1
45708,1
45723,1
45727,1
45729,1
45732,1
45740,1
45745,1
45748,1
45756,1
45796,1
45799,1
45818,1
45828,1
45829,1
45833,1
45841,1
45846,1
45860,1
45891,1
45917,1
45927,1
45933,1
45941,1
45948,1
45955,1
46001,1
46008,1
46036,1
46041,1
46048,2
46052,1
46062,1
46066,1
46074,1
46077,1
46080,1
46081,1
46082,1
46103,1
46124,1
46148,1
46151,1
46187,1
46202,1
46203,1
46204,1
46211,1
46227,1
46232,1
46240,1
46247,1
46257,1
46271,1
46287,1
46303,1
46304,1
46306,1
46310,1
46327,1
46331,2
46332,1
46333,1
46338,1
46367,1
46378,1
46379,1
46387,1
46390,1
46393,1
46410,1
46416,1
46417,1
46425,1
46435,1
46438,1
46441,1
46448,1
46468,1
46469,1
46502,1
46516,1
46541,1
46547,1
46582,1
46618,1
46620,2
46654,1
46694,1
46706,1
46707,1
46723,1
46735,1
46743,2
46746,1
46749,1
46755,1
46757,1
46770,1
46798,1
46799,1
46812,1
46813,1
46819,1
46830,1
46844,1
46862,1
46901,1
46910,1
46917,1
46939,1
46942,1
46957,1
46975,1
46977,2
46995,1
46997,1
46999,1
47007,1
47021,1
47023,1
47026,1
47028,1
47033,1
47055,1
47068,1
47072,1
47075,1
47077,1
47085,1
47091,1
47096,1
47114,1
47119,1
47124,1
47126,1
47128,1
47131,1
47133,1
47144,1
47153,1
47157,1
47168,1
47169,1
47180,1
47192,1
47199,1
47201,1
47207,1
47215,1
47228,1
47231,1
47274,2
47277,1
47285,1
47298,1
47304,1
47322,1
47332,1
47346,1
47367,1
47383,1
47393,1
47406,1
47408,1
47462,1
47489,1
47491,1
47497,1
47504,1
47520,1
47553,1
47570,1
47608,1
47610,1
47658,2
47660,1
47674,1
47677,1
47691,1
47692,1
47700,1
47702,1
47728,1
47730,1
47742,1
47752,1
47758,1
47759,1
47800,1
47809,1
47812,1
47832,1
47837,1
47875,1
47884,1
47890,1
47900,1
47902,1
47906,1
47916,1
47946,1
47969,1
48026,1
48032,1
48038,1
48110,1
48125,1
48130,1
48133,1
48137,1
48152,1
48160,1
48175,2
48189,1
48216,1
48217,1
48222,1
48226,1
48244,1
48251,1
48285,1
48289,2
48302,1
48307,1
48339,1
48347,1
48362,1
48376,1
48377,1
48384,1
48393,1
48398,1
48413,1
48423,1
48455,1
48456,1
48468,1
48469,1
48480,1
48492,1
48493,1
48498,1
48499,1
48539,1
48551,1
48573,1
48575,1
48590,1
48639,1
48647,1
48667,1
48671,1
48674,1
48691,1
48700,1
48710,1
48747,1
48750,1
48757,1
48780,1
48800,1
48819,1
48834,1
48835,1
48856,1
48861,1
48864,1
48875,1
48876,1
48884,1
48901,1
48918,1
48924,1
48926,1
48937,1
48941,1
48963,1
48979,1
48993,1
48996,1
49020,1
49039,1
49082,1
49103,1
49114,1
49118,1
49154,1
49160,1
49166,1
49181,1
49198,1
49216,1
49221,1
49236,1
49276,1
49301,1
49311,1
49323,1
49325,1
49347,1
49349,1
49360,1
49362,1
49380,1
49384,1
49389,1
49436,1
49448,1
49461,1
49466,1
49471,1
49499,1
49500,1
49501,1
49515,1
49551,1
49567,1
49578,1
49597,1
49601,1
49607,1
49614,1
49621,1
49646,1
49657,1
49668,1
49682,1
49695,1
49712,1
49716,1
49726,1
49739,1
49745,1
49760,1
49777,1
49782,1
49807,1
49811,2
49821,1
49856,1
49861,1
49868,1
49871,1
49879,1
49881,1
49892,1
49894,1
49907,1
49910,1
49920,1
49921,1
49939,1
49946,1
49964,1
49978,1
49979,1
49980,2
49997,1
50015,1
50026,1
50045,1
50074,1
50077,1
50082,1
50090,1
50110,1
50129,1
50136,1
50137,1
50142,1
50149,1
50175,1
50180,1
50181,1
50184,1
50220,1
50221,1
50228,1
50236,1
50251,1
50261,1
50276,1
50277,1
50278,1
50280,1
50286,1
50290,1
50315,1
50332,1
50335,1
50338,1
50369,1
50403,1
50437,1
50452,2
50463,1
50479,1
50526,1
50529,1
50555,1
50562,1
50572,1
50574,1
50580,1
50586,1
50600,1
50601,1
50606,1
50620,1
50633,1
50635,1
50641,1
50645,1
50658,1
50660,1
50671,1
50676,1
50706,1
50727,1
50728,1
50760,1
50767,1
50771,1
50784,1
50790,1
50798,2
50807,1
50808,1
50813,1
50825,1
50850,1
50860,1
50867,1
50909,1
50911,1
50912,1
50919,1
50941,1
50944,1
50958,1
50959,1
50979,1
50980,1
50990,1
51012,1
51031,1
51054,1
51076,1
51095,1
51097,1
51111,1
51143,1
51145,1
51149,1
51155,1
51163,1
51178,1
51198,1
51199,1
51216,1
51228,1
51233,1
51234,1
51257,1
51289,1
51299,1
51315,1
51319,1
51320,1
51327,1
51345,1
51359,1
51370,1
51382,1
51388,1
51396,1
51409,1
51412,1
51418,1
51434,1
51435,1
51454,1
51487,1
51535,1
51546,1
51548,1
51551,1
51555,1
51564,1
51572,1
51576,1
51579,1
51610,1
51627,1
51629,1
51638,1
51640,1
51661,1
51667,1
51670,1
51679,1
51682,1
51691,1
51693,1
51702,1
51715,2
51784,1
51789,1
51826,1
51847,1
51856,2
51866,1
51918,1
51925,1
51928,1
51930,2
51934,1
51935,1
51939,1
51972,1
51986,1
52005,1
52007,1
52013,1
52022,1
52031,1
52035,1
52039,1
52052,1
52103,1
52107,1
52109,1
52126,1
52145,1
52154,1
52161,1
52168,1
52229,1
52230,1
52237,1
52240,1
52254,1
52288,1
52320,1
52335,1
52337,1
52339,1
52341,1
52370,1
52378,1
52390,1
52392,1
52396,1
52428,1
52435,1
52444,1
52450,1
52451,1
52453,1
52455,1
52464,1
52469,1
52478,1
52485,1
52523,1
52529,1
52538,1
52566,1
52567,1
52579,1
52584,1
52593,1
52599,1
52603,1
52621,1
52644,1
52658,1
52659,1
52660,1
52672,1
52673,1
52677,1
52690,1
52702,1
52708,1
52711,1
52715,1
52724,1
52736,1
52750,1
52826,1
52848,1
52864,1
52866,1
52879,1
52882,1
52891,1
52895,1
52955,1
52967,1
52973,1
52978,1
52981,1
52994,1
53026,1
53030,1
53035,1
53040,1
53041,1
53042,1
53045,2
53059,1
53066,1
53068,1
53082,1
53083,1
53087,1
53090,1
53091,1
53111,1
53112,1
53133,1
53144,1
53146,1
53149,1
53164,1
53166,1
53168,1
53175,2
53199,1
53218,1
53229,1
53267,1
53269,1
53272,1
53292,1
53295,1
53322,1
53325,1
53338,1
53343,1
53350,1
53355,1
53360,1
53362,1
53393,1
53400,1
53402,1
53404,1
53417,1
53424,2
53432,1
53447,1
53459,1
53484,1
53487,1
53501,1
53547,1
53549,1
53579,1
53607,1
53610,1
53618,1
53627,1
53629,1
53633,1
53651,1
53655,1
53663,1
53665,1
53672,1
53710,1
53736,1
53740,1
53744,1
53745,1
53763,1
53785,1
53843,1
53882,1
53903,1
53904,1
53907,1
53967,1
53986,1
53994,1
54003,1
54014,1
54030,1
54042,1
54064,1
54087,1
54096,1
54107,1
54111,1
54115,1
54122,1
54131,1
54164,1
54169,1
54199,1
54218,1
54236,1
54246,1
54253,1
54262,1
54272,1
54295,1
54296,2
54303,1
54309,1
54312,1
54341,1
54345,1
54352,1
54356,1
54358,1
54364,1
54375,1
54376,1
54384,1
54385,1
54409,1
54420,1
54431,1
54470,1
54474,1
54493,1
54518,1
54526,1
54551,1
54562,1
54572,1
54586,1
54593,1
54597,1
54602,1
54631,1
54638,1
54665,1
54703,1
54713,1
54714,1
54731,1
54739,1
54748,1
54762,1
54784,1
54805,1
54808,1
54837,1
54857,1
54863,1
54898,1
54909,1
54924,1
54925,1
54928,1
54934,1
54947,1
54950,2
54972,1
54975,1
54980,1
54998,1
55014,1
55020,1
55030,1
55031,1
55040,1
55124,1
55138,1
55139,1
55166,1
55175,1
55177,1
55181,2
55189,1
55200,1
55204,2
55208,1
55223,1
55250,1
55254,1
55278,1
55285,1
55297,1
55299,1
55303,1
55308,1
55309,1
55316,1
55325,1
55343,1
55352,1
55353,1
55363,1
55371,1
55415,1
55445,1
55466,1
55474,1
55476,1
55485,1
55487,1
55529,1
55536,1
55539,1
55549,1
55565,1
55636,1
55652,1
55653,1
55658,1
55659,1
55661,1
55689,1
55693,1
55720,1
55728,1
55744,1
55751,1
55763,2
55782,1
55799,1
55811,1
55816,1
55818,1
55823,1
55824,1
55832,1
55848,1
55850,1
55855,1
55866,1
55877,1
55882,1
55923,1
55941,1
55959,1
55965,1
56007,1
56021,1
56025,1
56026,1
56027,1
56034,1
56061,1
56077,1
56082,1
56095,1
56126,1
56145,1
56173,1
56180,1
56191,1
56193,1
56201,2
56204,1
56211,1
56213,1
56233,1
56234,1
56254,1
56271,1
56276,1
56283,1
56287,1
56288,1
56299,1
56367,1
56396,1
56400,1
56401,1
56408,1
56461,1
56468,1
56471,1
56502,1
56514,1
56517,1
56522,1
56539,2
56548,1
56558,1
56576,1
56582,1
56609,1
56631,1
56639,1
56640,1
56643,1
56647,1
56666,1
56675,1
56676,1
56678,1
56679,1
56697,1
56698,1
56705,1
56711,1
56728,1
56729,1
56740,2
56748,1
56751,1
56774,1
56777,1
56804,1
56816,1
56828,1
56829,1
56837,1
56879,1
56908,1
56947,1
56948,1
56953,1
56959,1
56961,1
56972,1
56976,1
56990,1
57038,1
57085,1
57105,1
57108,1
57113,1
57117,1
57155,1
57165,1
57166,2
57175,1
57180,1
57184,1
57189,1
57211,1
57212,1
57229,1
57255,1
57336,1
57341,1
57348,1
57355,1
57356,1
57365,1
57415,1
57421,1
57439,1
57442,1
57446,1
57448,1
57451,1
57458,1
57465,1
57467,1
57468,1
57493,1
57494,1
57507,1
57510,1
57511,1
57531,1
57547,1
57548,2
57552,1
57553,1
57561,1
57614,1
57633,1
57639,1
57640,1
57667,2
57668,1
57676,1
57681,1
57689,1
57694,1
57701,1
57724,1
57731,1
57736,1
57753,1
57755,1
57763,1
57769,1
57814,1
57851,1
57868,1
57872,1
57880,1
57881,1
57887,1
57891,1
57903,1
57910,1
57928,1
57949,1
57953,1
57972,1
57974,1
57994,1
58001,1
58008,1
58009,1
58049,1
58056,1
58064,1
58080,1
58132,1
58141,1
58164,1
58169,1
58178,1
58212,1
58248,1
58260,1
58263,1
58277,1
58284,1
58334,1
58343,1
58356,1
58358,1
58374,1
58412,1
58441,1
58452,1
58457,1
58475,1
58500,1
58526,1
58531,1
58539,1
58554,1
58602,2
58608,1
58631,1
58645,1
58649,1
58653,1
58676,1
58700,1
58713,1
58775,1
58779,1
58799,2
58802,1
58856,1
58880,1
58884,1
58896,1
58902,1
58905,1
58931,1
58940,1
58957,1
58966,1
58976,1
58988,1
58990,1
58994,1
59000,1
59011,1
59018,1
59040,1
59047,1
59052,1
59067,1
59080,1
59089,1
59107,1
59112,1
59146,1
59158,1
59163,1
59179,1
59181,1
59196,1
59200,1
59204,1
59208,1
59217,1
59230,1
59231,1
59253,1
59255,1
59283,1
59305,1
59314,1
59321,1
59326,1
59337,1
59339,1
59343,1
59361,1
59382,1
59387,1
59396,2
59416,1
59434,1
59443,1
59444,1
59463,1
59466,1
59471,1
59477,1
59479,1
59502,1
59521,1
59522,2
59524,1
59559,1
59562,1
59575,1
59577,2
59586,1
59599,1
59603,1
59629,1
59643,1
59653,1
59662,1
59663,1
59683,1
59719,1
59748,1
59755,1
59759,1
59780,1
59815,1
59820,1
59842,1
59844,1
59853,1
59855,1
59862,1
59864,1
59868,1
59881,1
59902,1
59919,1
59922,1
59935,1
59948,1
59964,1
59968,1
60004,1
60021,1
60059,1
60108,1
60109,1
60121,1
60124,1
60131,1
60139,1
60147,1
60148,1
60150,1
60152,1
60161,1
60171,1
60172,1
60185,1
60197,1
60210,1
60217,1
60227,1
60243,1
60250,1
60251,1
60297,1
60313,1
60320,1
60327,1
60347,2
60355,1
60359,1
60367,1
60374,1
60382,1
60393,1
60400,1
60406,1
60425,1
60434,1
60465,1
60497,1
60498,1
60517,1
60522,1
60523,1
60564,1
60572,1
60592,1
60602,1
60645,1
60661,1
60663,1
60714,1
60720,1
60725,1
60730,1
60742,1
60750,1
60770,1
60792,1
60796,1
60800,1
60803,1
60804,1
60809,1
60820,1
60825,1
60844,1
60847,1
60864,1
60865,1
60889,1
60896,1
60915,1
60933,1
60934,2
60939,1
60960,1
60969,1
60983,1
60984,1
61004,1
61007,1
61015,1
61018,2
61025,1
61048,1
61058,1
61065,1
61081,1
61097,1
61099,1
61101,1
61114,1
61115,1
61118,1
61131,1
61132,1
61149,1
61152,1
61172,1
61176,1
61181,1
61232,1
61245,1
61259,1
61272,1
61283,1
61339,1
61346,2
61358,1
61373,2
61388,1
61415,2
61416,1
61431,1
61440,1
61441,1
61475,1
61487,1
61489,1
61529,1
61534,1
61542,1
61548,1
61552,1
61565,1
61575,1
61601,1
61607,1
61614,1
61647,1
61663,1
61697,1
61703,1
61711,1
61722,1
61736,1
61749,1
61759,1
61760,1
61774,1
61777,1
61792,1
61817,1
61821,1
61824,2
61834,1
61838,1
61841,1
61842,1
61855,1
61878,1
61913,1
61914,1
61918,1
61936,1
61938,1
61946,1
61947,1
61948,1
61952,1
61972,1
61975,1
62019,1
62020,1
62036,1
62037,1
62042,1
62045,1
62053,1
62069,1
62073,1
62118,1
62122,1
62165,1
62169,1
62175,1
62202,1
62213,1
62214,1
62215,1
62216,1
62236,1
62267,1
62277,1
62279,1
62311,1
62331,1
62359,1
62367,1
62373,1
62381,1
62393,1
62407,1
62431,2
62441,1
62482,1
62492,1
62495,1
62501,1
62502,1
62509,1
62512,1
62550,1
62556,1
62579,1
62586,1
62598,1
62599,1
62628,1
62651,1
62680,1
62683,1
62691,1
62699,1
62710,1
62730,1
62770,1
62785,1
62792,1
62812,2
62839,1
62841,1
62850,1
62854,1
62855,1
62895,1
62904,1
62905,1
62922,1
62928,1
62966,1
63006,1
63043,1
63044,1
63054,1
63068,1
63074,1
63087,1
63096,1
63100,1
63111,1
63122,1
63130,1
63163,1
63187,1
63193,1
63210,1
63216,1
63223,1
63232,1
63236,1
63242,1
63277,1
63281,2
63282,1
63291,1
63307,1
63324,1
63329,1
63333,1
63359,1
63362,1
63372,1
63379,1
63386,1
63426,1
63439,1
63455,1
63475,1
63481,1
63484,1
63490,1
63492,1
63494,1
63506,1
63513,1
63524,1
63535,1
63546,1
63559,1
63560,1
63569,1
63570,1
63576,1
63577,1
63585,1
63588,1
63597,1
63603,1
63611,1
63629,1
63643,1
63696,1
63697,1
63713,1
63721,1
63727,1
63737,1
63752,1
63779,1
63782,1
63806,1
63808,1
63854,1
63911,1
63930,1
63935,1
63956,1
63962,2
63966,1
63971,1
63973,1
63982,1
63999,1
64015,1
64054,1
64058,1
64060,1
64071,1
64078,1
64081,1
64105,1
64106,1
64115,1
64123,1
64179,1
64191,1
64202,1
64229,1
64230,1
64246,1
64247,1
64266,1
64276,1
64288,1
64291,1
64302,1
64337,1
64341,1
64343,1
64355,1
64359,2
64374,1
64383,1
64415,1
64419,1
64425,1
64432,1
64435,1
64467,1
64472,1
64482,1
64506,1
64511,1
64515,1
64549,1
64600,1
64612,1
64615,1
64640,1
64650,1
64652,1
64710,1
64721,1
64726,1
64732,1
64738,2
64739,1
64746,1
64748,1
64749,1
64751,1
64759,1
64762,1
64768,1
64782,1
64788,1
64797,1
64838,1
64841,1
64849,1
64863,1
64868,1
64889,1
64930,1
64933,1
64963,2
64981,1
64982,1
64983,1
64991,1
64995,1
64999,1
65012,1
65017,1
65054,1
65083,1
65085,1
65116,1
65123,1
65142,1
65150,1
65152,1
65166,1
65170,1
65197,1
65217,1
65218,1
65232,1
65236,1
65251,1
65293,1
65311,1
65312,1
65317,1
65357,1
65374,1
65375,1
65423,1
65427,1
65473,1
65500,1
65513,1
0,16
1,2
3,2
4,1
5,1
6,2
8,2
9,1
11,1
20,1
28,2
36,1
42,1
45,1
50,2
60,2
75,1
78,1
79,1
93,1
97,3
99,1
100,1
124,1
128,1
129,1
134,1
141,1
156,1
159,1
173,1
178,1
185,1
191,1
200,1
204,1
213,1
218,1
256,2
274,1
289,1
301,1
331,1
337,1
338,1
364,1
369,1
391,1
410,1
416,1
425,1
433,1
467,1
478,1
483,1
507,2
517,1
534,1
544,1
545,1
584,1
606,1
613,1
620,1
622,1
638,1
651,1
671,1
678,1
684,1
697,1
703,1
716,1
722,1
757,1
768,1
771,1
776,1
794,1
798,1
822,1
830,1
833,1
840,1
853,1
855,1
858,1
867,1
881,1
914,1
920,1
925,1
928,1
944,1
946,1
955,1
958,1
961,1
962,1
987,1
997,1
1000,2
1024,3
1025,1
1027,2
1037,1
1043,1
1044,1
1062,1
1065,1
1071,1
1080,1
1083,1
1086,1
1092,1
1106,1
1108,1
1116,1
1144,1
1162,1
1174,1
1176,1
1190,1
1191,1
1201,1
1210,1
1214,1
1218,1
1219,1
1239,1
1246,1
1265,1
1266,1
1280,1
1282,1
1288,1
1293,1
1301,1
1311,1
1321,1
1327,1
1338,1
1351,1
1356,1
1370,1
1385,1
1391,1
1399,1
1422,1
1468,1
1481,1
1506,1
1511,1
1537,1
1541,1
1542,2
1557,1
1579,1
1580,1
1582,1
1608,1
1616,1
1618,1
1636,1
1658,1
1660,1
1664,1
1716,1
1734,1
1738,1
1740,1
1770,1
1773,1
1777,1
1791,1
1811,1
1824,1
1827,1
1840,1
1848,1
1856,1
1872,1
1882,1
1891,1
1918,1
1919,1
1923,1
1943,1
1944,1
1952,2
1953,1
1971,1
1974,1
1992,1
1995,1
2004,1
2026,1
2037,1
2048,1
2053,1
2059,1
2107,1
2113,1
2141,1
2151,1
2153,1
2154,1
2189,1
2207,1
2211,1
2217,1
2225,2
2229,1
2236,1
2240,1
2241,1
2244,1
2252,1
2260,1
2261,1
2282,1
2297,1
2304,1
2336,1
2341,1
2344,1
2346,1
2356,1
2359,1
2360,1
2367,1
2386,1
2388,1
2400,1
2441,1
2443,1
2447,1
2453,1
2481,1
2495,1
2508,1
2517,1
2518,1
2525,1
2539,1
2552,1
2563,1
2565,2
2584,1
2586,1
2591,1
2593,1
2596,1
2609,1
2612,1
2627,1
2632,1
2647,1
2654,1
2657,1
2693,1
2700,1
2717,1
2718,1
2719,1
2725,1
2758,1
2769,1
2772,1
2774,1
2785,1
2793,1
2800,1
2816,1
2823,1
2829,1
2833,1
2843,1
2848,1
2858,1
2861,1
2869,1
2889,1
2894,1
2899,1
2902,1
2928,1
2936,1
2940,1
2957,1
2992,1
2995,1
2997,1
3022,1
3024,1
3026,1
3033,1
3060,1
3064,1
3067,1
3077,1
3080,1
3085,1
3105,1
3132,1
3134,1
3167,1
3172,1
3220,1
3227,1
3233,1
3234,1
3264,1
3265,1
3275,1
3281,1
3285,1
3289,1
3297,1
3327,1
3340,1
3354,1
3360,2
3372,1
3374,1
3375,1
3382,1
3410,1
3427,1
3432,1
3441,1
3447,1
3458,1
3476,1
3496,1
3515,1
3518,1
3520,1
3524,1
3530,1
3538,1
3547,1
3562,1
3565,1
3604,1
3615,1
3655,1
3656,1
3675,1
3676,1
3696,1
3712,2
3731,1
3743,3
3745,1
3773,1
3791,1
3801,1
3822,1
3858,1
3921,1
3923,1
3925,1
3946,1
3950,1
3982,1
3986,2
3992,2
4004,1
4007,1
4013,1
4017,1
4024,1
4035,1
4056,1
4059,1
4069,1
4083,1
4101,1
4151,1
4165,1
4168,1
4193,1
4219,1
4223,1
4237,1
4246,1
4248,1
4269,1
4278,2
4290,1
4295,1
4306,1
4313,1
4326,1
4347,1
4369,1
4382,1
4415,1
4417,1
4458,1
4471,1
4482,1
4490,2
4499,1
4512,1
4533,1
4537,1
4539,1
4562,1
4567,1
4573,1
4615,1
4621,1
4661,1
4673,1
4674,1
4684,1
4687,1
4721,1
4730,1
4736,1
4773,1
4778,1
4786,1
4792,1
4796,1
4797,1
4804,1
4805,1
4816,1
4826,1
4840,1
4865,1
4867,1
4872,2
4878,1
4890,1
4901,1
4903,1
4938,1
4949,1
4968,1
4982,1
4995,1
5002,1
5011,1
5012,1
5032,1
5043,1
5058,1
5081,1
5101,1
5123,1
5152,1
5157,1
5160,1
5174,1
5179,1
5192,1
5202,1
5207,1
5209,1
5224,1
5236,1
5240,1
5246,1
5288,1
5304,1
5313,1
5316,1
5334,1
5340,1
5343,1
5346,1
5347,1
5368,1
5421,1
5425,1
5437,1
5439,1
5466,1
5481,1
5507,1
5511,1
5514,1
5524,1
5546,1
5589,1
5594,1
5596,1
5607,2
5614,1
5625,1
5639,1
5643,1
5651,1
5653,2
5668,1
5674,1
5675,1
5693,1
5744,1
5746,1
5750,1
5763,1
5767,1
5776,1
5801,1
5808,1
5815,1
5823,1
5826,1
5869,1
5880,1
5891,1
5895,1
5901,1
5904,1
5913,1
5921,1
5923,1
5945,1
5952,1
5966,1
5975,1
5992,1
6007,1
6041,1
6051,1
6061,1
6069,1
6070,1
6074,1
6083,1
6090,1
6111,1
6141,1
6142,1
6144,1
6146,1
6157,1
6166,1
6172,1
6184,1
6227,1
6250,1
6267,1
6287,2
6290,1
6293,1
6302,1
6306,1
6340,1
6355,1
6367,1
6377,1
6404,1
6436,1
6476,1
6477,1
6487,1
6490,1
6491,1
6540,1
6550,1
6575,1
6592,1
6593,1
6596,1
6603,1
6618,1
6625,2
6635,1
6636,1
6637,1
6645,1
6658,2
6666,1
6685,1
6701,1
6708,1
6712,1
6716,1
6738,1
6777,1
6780,1
6786,1
6794,1
6799,1
6809,1
6812,1
6821,1
6852,1
6864,1
6890,1
6892,1
6895,1
6939,1
6951,1
6958,1
6959,1
6966,1
6977,1
6980,1
7002,1
7013,1
7042,1
7052,1
7056,1
7070,1
7082,1
7094,1
7098,1
7105,1
7110,1
7114,1
7124,1
7152,1
7157,1
7172,1
7174,1
7192,1
7209,1
7217,1
7240,1
7296,1
7336,1
7341,2
7362,1
7365,1
7393,1
7394,1
7404,1
7430,1
7440,1
7444,1
7457,1
7467,1
7496,1
7498,1
7506,1
7508,1
7551,1
7560,1
7580,1
7582,1
7593,1
7596,1
7602,3
7603,1
7605,1
7634,1
7654,1
7660,1
7670,2
7682,1
7684,1
7746,1
7754,1
7772,1
7775,1
7786,1
7791,1
7796,1
7799,1
7802,1
7805,1
7808,1
7814,1
7829,1
7835,1
7844,1
7858,1
7883,1
7919,1
7923,1
7929,1
7942,1
7949,1
7957,1
7960,1
7967,1
7970,1
8024,1
8048,1
8062,1
8067,1
8088,1
8094,1
8095,1
8115,1
8135,1
8142,1
8144,1
8149,1
8155,1
8188,1
8193,1
8210,1
8219,1
8229,1
8244,1
8252,1
8258,1
8265,1
8302,1
8330,1
8371,1
8373,1
8382,1
8397,1
8413,1
8416,2
8418,1
8430,1
8441,1
8447,1
8458,1
8463,1
8469,1
8480,1
8504,1
8513,1
8523,1
8539,1
8577,1
8588,1
8589,1
8593,1
8610,2
8657,1
8685,1
8692,1
8715,1
8725,1
8729,1
8741,1
8743,1
8746,1
8755,1
8784,2
8792,1
8809,1
8835,1
8845,2
8874,1
8875,1
8888,1
8920,1
8926,1
8967,1
9020,1
9048,1
9065,1
9069,1
9094,1
9105,1
9126,1
9133,1
9163,1
9184,1
9193,1
9194,1
9197,2
9204,1
9217,1
9219,1
9223,1
9237,1
9250,1
9256,1
9276,1
9281,1
9300,1
9326,1
9328,1
9331,1
9343,1
9352,1
9353,1
9354,1
9379,1
9399,1
9405,1
9407,1
9411,1
9413,1
9449,1
9469,1
9495,1
9497,1
9508,1
9522,1
9566,1
9568,1
9600,1
9607,1
9611,1
9661,1
9695,2
9700,1
9722,1
9759,1
9768,1
9771,2
9787,1
9796,1
9815,1
9830,1
9835,1
9850,1
9861,1
9877,1
9950,1
9956,1
9961,1
9999,1
10001,1
10003,1
10005,1
10008,1
10017,1
10039,1
10058,1
10063,1
10066,1
10076,1
10079,1
10082,1
10095,1
10099,1
10107,1
10118,1
10127,1
10153,1
10162,1
10164,1
10183,1
10184,1
10190,1
10222,1
10226,1
10229,1
10258,1
10264,1
10291,1
10352,1
10361,1
10373,1
10384,1
10390,1
10412,1
10413,1
10422,1
10432,1
10451,2
10458,1
10461,1
10467,1
10472,1
10494,1
10497,1
10502,1
10504,1
10523,1
10524,1
10535,1
10540,1
10554,1
10567,1
10569,1
10582,2
10618,1
10625,1
10641,1
10656,1
10663,1
10685,1
10688,1
10702,1
10708,1
10722,1
10742,1
10771,1
10792,1
10808,1
10818,1
10819,1
10835,1
10843,1
10845,1
10856,1
10863,1
10870,1
10874,1
10875,1
10879,2
10891,1
10900,1
10916,1
10919,1
10936,1
10950,1
10956,1
10959,1
10984,1
10987,1
10990,1
11015,1
11030,1
11050,1
11061,1
11064,1
11073,1
11076,1
11079,1
11087,1
11092,1
11103,1
11113,1
11118,1
11142,1
11187,1
11230,1
11238,2
11257,1
11276,3
11298,1
11299,1
11310,1
11313,1
11333,1
11337,1
11340,1
11341,1
11347,1
11348,1
11349,1
11359,1
11370,1
11375,1
11381,1
11394,1
11397,1
11412,1
11422,1
11439,1
11458,1
11461,1
11529,1
11535,1
11584,1
11590,1
11618,1
11623,1
11634,1
11660,1
11668,1
11687,1
11710,1
11725,1
11733,1
11749,1
11756,1
11767,2
11789,1
11809,1
11822,1
11826,1
11848,1
11856,1
11867,1
11877,1
11880,1
11901,1
11908,1
11939,1
11941,1
11963,1
11973,1
11977,1
11988,1
12001,1
12005,1
12018,1
12036,1
12038,1
12063,1
12065,1
12076,1
12085,1
12115,1
12155,1
12185,1
12220,1
12263,1
12275,1
12295,1
12298,1
12307,1
12353,1
12366,1
12371,2
12385,1
12389,1
12403,1
12416,1
12427,1
12430,1
12431,1
12467,1
12501,1
12502,1
12503,1
12512,1
12535,1
12547,1
12559,1
12580,1
12584,1
12586,1
12605,1
12613,1
12624,1
12636,1
12639,1
12643,1
12644,1
12654,1
12662,1
12676,1
12683,1
12691,1
12698,1
12719,1
12723,1
12726,1
12743,1
12751,1
12771,1
12782,1
12790,1
12818,1
12837,1
12863,1
12908,1
12917,1
12919,1
12923,1
12927,1
12946,1
12947,1
12955,1
12992,1
12997,1
13007,1
13013,1
13020,1
13026,1
13030,1
13039,1
13043,1
13069,1
13079,1
13083,1
13108,1
13121,1
13129,1
13138,1
13149,1
13210,1
13211,1
13218,1
13222,1
13238,1
13242,1
13250,1
13251,1
13273,1
13278,1
13281,1
13310,1
13318,1
13321,1
13337,1
13346,1
13348,1
13349,1
13352,1
13376,1
13391,1
13392,1
13403,1
13436,1
13457,1
13458,1
13466,1
13468,1
13475,1
13496,1
13508,1
13542,1
13552,1
13554,1
13560,1
13561,1
13563,1
13579,1
13581,1
13595,1
13602,1
13606,1
13632,1
13641,1
13649,1
13653,1
13661,1
13695,1
13697,2
13709,1
13726,1
13727,1
13729,1
13790,1
13799,1
13800,1
13822,1
13834,1
13851,1
13862,1
13868,1
13870,1
13879,1
13880,1
13893,1
13908,1
13936,1
13958,1
13995,1
14007,1
14024,1
14025,1
14046,1
14061,1
14127,1
14128,1
14134,1
14135,1
14173,1
14178,1
14199,1
14203,1
14206,1
14220,1
14233,1
14248,1
14254,1
14255,1
14258,1
14260,1
14266,1
14293,1
14301,1
14306,1
14307,1
14313,1
14315,1
14323,1
14332,1
14353,1
14355,1
14372,1
14381,1
14383,1
14385,1
14407,1
14408,1
14423,1
14436,1
14445,1
14449,1
14457,1
14479,1
14481,1
14482,1
14485,1
14486,1
14491,1
14500,1
14504,1
14509,1
14535,1
14539,1
14560,1
14564,1
14585,1
14593,1
14608,1
14630,1
14649,1
14650,1
14659,1
14664,1
14688,1
14712,1
14723,1
14729,1
14742,2
14752,1
14772,1
14776,1
14799,1
14803,1
14814,1
14824,1
14826,1
14835,2
14857,1
14863,1
14884,1
14899,1
14914,1
14929,1
14939,1
14941,1
14961,1
14969,1
14984,1
14993,1
15004,1
15007,1
15010,1
15034,1
15044,1
15077,1
15084,1
15093,1
15094,1
15099,1
15108,1
15118,1
15126,1
15135,1
15137,1
15140,1
15148,1
15151,1
15163,1
15173,1
15177,1
15179,1
15194,1
15213,1
15215,1
15222,1
15235,1
15248,1
15263,1
15272,1
15281,1
15293,1
15324,1
15331,1
15340,1
15373,1
15392,1
15402,1
15414,1
15431,1
15468,1
15486,1
15509,1
15513,1
15517,1
15533,1
15539,1
15560,1
15571,1
15605,1
15629,1
15630,1
15662,1
15668,1
15671,1
15680,1
15694,1
15695,1
15700,1
15709,1
15728,1
15740,1
15745,1
15749,1
15752,1
15781,1
15782,1
15809,1
15813,1
15821,1
15840,1
15854,1
15857,1
15862,1
15905,1
15908,1
15916,1
15919,1
15930,1
15939,1
15940,1
15942,1
15977,1
15983,1
16006,1
16012,1
16018,1
16038,1
16051,1
16080,1
16093,1
16120,1
16140,1
16176,1
16186,1
16193,1
16195,1
16268,1
16284,1
16293,1
16295,1
16305,1
16343,1
16349,1
16365,1
16389,1
16402,1
16409,1
16415,1
16433,1
16448,1
16451,1
16452,1
16473,1
16511,1
16519,1
16530,1
16569,1
16574,1
16594,1
16612,1
16624,1
16630,1
16639,1
16650,1
16651,1
16652,1
16659,1
16666,1
16669,1
16701,2
16706,1
16714,1
16776,1
16858,1
16863,1
16864,1
16885,1
16922,1
16932,1
16939,1
16940,1
16951,1
16956,2
16962,1
16970,1
16974,1
17000,1
17017,1
17035,1
17039,1
17053,1
17066,1
17080,1
17094,1
17098,1
17103,1
17108,1
17113,1
17114,1
17127,1
17130,1
17139,1
17150,1
17155,1
17156,2
17160,1
17206,1
17209,1
17215,1
17216,1
17231,1
17235,1
17237,1
17243,1
17255,1
17280,2
17309,1
17341,1
17348,2
17350,1
17364,1
17378,1
17381,1
17385,1
17390,2
17405,1
17418,1
17420,1
17449,1
17465,1
17483,1
17487,1
17490,1
17497,1
17527,1
17535,1
17536,1
17539,1
17563,1
17570,1
17666,1
17677,1
17681,1
17683,1
17685,1
17785,1
17800,1
17815,1
17829,1
17832,1
17840,1
17854,1
17867,1
17871,1
17874,1
17884,1
17892,1
17898,1
17914,1
17928,1
17939,1
17947,1
17952,1
17960,1
17971,1
17972,1
17989,1
17994,1
18000,1
18001,1
18006,1
18015,1
18016,1
18037,1
18038,1
18060,1
18061,1
18076,1
18086,1
18090,1
18094,1
18123,1
18128,1
18147,1
18150,1
18194,1
18204,1
18213,1
18229,1
18231,1
18241,1
18246,1
18247,1
18262,1
18282,1
18289,1
18319,1
18331,1
18341,1
18360,1
18362,1
18363,1
18374,1
18385,1
18404,1
18405,1
18415,1
18428,1
18432,1
18437,2
18457,1
18462,1
18464,1
18468,1
18470,1
18474,1
18510,1
18549,1
18551,1
18553,1
18558,1
18559,1
18562,1
18568,1
18569,2
18577,1
18578,1
18606,1
18610,1
18634,1
18635,2
18636,1
18663,1
18664,1
18672,1
18677,1
18685,1
18695,1
18698,1
18700,1
18703,1
18709,1
18716,1
18740,1
18742,1
18743,1
18744,1
18754,1
18757,1
18758,1
18768,1
18772,1
18780,1
18809,1
18830,1
18831,1
18866,1
18870,1
18892,1
18914,1
18924,1
18926,1
18933,1
18945,1
18967,1
18974,1
18989,1
18997,1
19002,1
19013,1
19017,1
19055,1
19064,1
19065,1
19066,1
19073,1
19074,1
19101,1
19135,1
19141,1
19155,1
19181,2
19194,1
19211,1
19222,1
19242,1
19244,1
19246,1
19267,1
19271,1
19280,2
19289,1
19314,1
19341,1
19357,1
19360,1
19362,1
19367,1
19389,1
19390,1
19424,1
19434,1
19441,1
19452,1
19459,1
19461,1
19463,1
19466,1
19468,1
19476,1
19477,1
19480,1
19484,1
19505,1
19537,1
19571,1
19574,1
19581,1
19587,1
19589,2
19604,1
19615,1
19620,1
19624,1
19627,1
19654,1
19655,2
19656,1
19657,1
19660,1
19666,1
19674,1
19677,1
19679,1
19682,1
19690,1
19692,1
19701,1
19728,1
19738,1
19761,1
19777,1
19779,1
19798,1
19811,1
19814,1
19827,1
19833,1
19873,1
19874,1
19888,1
19905,1
19906,1
19920,1
19944,1
19992,1
20015,1
20021,1
20071,1
20086,1
20087,1
20105,1
20112,1
20121,1
20127,1
20137,1
20152,1
20170,1
20205,1
20213,1
20241,1
20244,1
20261,1
20269,1
20296,1
20297,1
20306,1
20323,1
20341,1
20347,1
20350,1
20352,1
20355,1
20360,2
20361,1
20366,1
20388,2
20402,1
20416,1
20425,1
20458,1
20465,1
20474,1
20482,1
20483,1
20498,1
20504,2
20511,1
20521,1
20523,1
20532,1
20562,2
20574,1
20593,1
20599,1
20626,1
20629,1
20632,1
20680,1
20692,1
20728,1
20749,1
20750,1
20755,1
20757,1
20759,1
20794,1
20798,1
20817,1
20844,1
20848,1
20856,1
20897,1
20901,1
20907,1
20917,1
20935,1
20938,1
20951,1
20989,1
21006,1
21024,1
21059,1
21079,1
21080,1
21081,1
21089,1
21094,1
21096,1
21100,1
21121,1
21128,1
21134,1
21135,1
21152,1
21175,1
21180,1
21184,1
21222,1
21225,1
21245,1
21248,1
21254,1
21279,1
21280,1
21293,1
21310,1
21326,1
21339,2
21378,1
21382,1
21394,1
21397,1
21414,1
21416,1
21417,1
21425,1
21488,1
21489,1
21491,1
21504,1
21514,1
21516,1
21536,1
21537,1
21538,1
21550,1
21563,1
21568,1
21570,1
21574,1
21575,1
21581,1
21589,1
21591,1
21592,1
21594,1
21621,1
21623,1
21631,1
21633,1
21649,1
21651,1
21653,1
21659,1
21673,1
21678,1
21685,1
21734,1
21740,1
21772,1
21779,1
21785,1
21786,1
21800,1
21810,1
21817,1
21818,1
21826,1
21836,1
21838,1
21855,1
21858,1
21868,1
21900,1
21906,1
21947,1
21964,1
21979,1
21987,1
21998,1
22005,1
22022,2
22042,1
22046,1
22048,1
22082,2
22087,1
22106,1
22122,1
22138,1
22173,1
22177,1
22197,1
22210,1
22232,1
22235,1
22237,1
22244,1
22251,1
22285,1
22307,1
22333,1
22336,1
22341,1
22359,1
22407,1
22417,1
22425,1
22448,1
22458,1
22500,1
22512,1
22537,1
22544,1
22556,1
22565,1
22586,1
22592,1
22615,1
22631,1
22632,1
22658,1
22678,1
22685,1
22695,1
22702,1
22711,1
22752,1
22757,1
22777,1
22789,2
22807,1
22823,1
22830,1
22831,1
22836,1
22844,1
22866,1
22879,1
22882,1
22893,1
22905,1
22919,1
22922,1
22930,1
22940,1
22951,1
22980,1
22984,1
22995,1
23000,1
23007,1
23008,1
23022,1
23024,1
23036,1
23071,1
23099,1
23100,1
23110,1
23119,1
23125,1
23130,1
23131,1
23136,1
23137,1
23154,1
23181,1
23188,1
23194,1
23197,1
23198,1
23220,1
23233,1
23236,1
23238,2
23267,1
23274,1
23308,1
23311,1
23324,1
23326,1
23338,1
23340,1
23344,1
23346,1
23351,1
23355,1
23359,1
23367,1
23387,1
23402,1
23419,1
23424,1
23453,1
23459,1
23467,1
23477,1
23502,1
23507,2
23508,1
23512,1
23543,1
23545,1
23551,1
23559,1
23563,1
23574,1
23592,1
23614,1
23618,1
23622,1
23625,1
23630,1
23641,1
23647,1
23659,1
23662,1
23685,1
23688,1
23720,1
23722,1
23730,1
23742,1
23750,1
23757,1
23758,1
23766,2
23776,1
23815,1
23847,1
23856,1
23863,1
23874,1
23879,1
23887,1
23908,1
23930,1
23938,1
23941,1
23944,1
23947,1
23968,1
23987,1
23988,1
23989,1
23993,1
24010,1
24018,1
24051,1
24057,1
24067,1
24077,2
24082,1
24093,1
24095,1
24113,1
24125,1
24134,1
24141,1
24155,2
24177,1
24187,1
24197,1
24201,1
24202,1
24217,1
24230,1
24237,1
24242,1
24253,1
24258,2
24317,1
24318,1
24336,1
24339,1
24347,1
24352,1
24367,1
24379,1
24385,1
24395,1
24416,1
24432,1
24450,1
24457,1
24475,1
24483,1
24507,1
24522,1
24550,1
24564,1
24576,1
24579,1
24581,1
24587,1
24591,1
24596,2
24602,1
24607,1
24614,1
24616,1
24637,1
24656,1
24657,1
24663,1
24672,1
24677,1
24704,1
24762,1
24769,1
24774,1
24789,1
24814,1
24816,1
24821,1
24839,1
24840,1
24851,1
24881,1
24882,1
24885,1
24908,1
24923,1
24926,1
24928,1
24942,1
24944,1
24945,1
24951,1
24967,1
25006,1
25023,1
25056,1
25073,1
25076,1
25079,2
25085,1
25122,1
25138,1
25155,1
25186,1
25187,1
25193,1
25194,1
25202,1
25219,1
25240,1
25241,1
25266,1
25272,1
25289,1
25294,1
25306,1
25320,1
25357,1
25373,1
25382,1
25383,1
25384,1
25397,2
25404,1
25421,1
25425,1
25481,1
25499,1
25501,1
25508,1
25521,1
25559,1
25574,1
25575,1
25581,1
25601,1
25602,1
25622,1
25697,1
25701,1
25707,3
25724,1
25732,1
25734,1
25777,1
25783,1
25809,1
25814,1
25830,1
25836,1
25838,1
25844,1
25859,1
25864,1
25890,1
25892,1
25896,1
25930,1
25959,1
25977,1
25988,1
25995,1
26004,1
26017,1
26022,1
26032,1
26066,1
26067,1
26076,1
26124,1
26125,1
26127,2
26129,1
26138,1
26143,1
26144,1
26174,1
26177,1
26183,1
26198,1
26205,1
26206,1
26211,1
26235,1
26240,1
26253,1
26277,1
26287,1
26288,1
26290,1
26291,1
26310,1
26331,1
26341,2
26347,1
26359,1
26368,1
26377,1
26378,1
26379,1
26382,1
26384,1
26386,1
26406,1
26414,1
26423,2
26437,1
26459,1
26460,1
26465,1
26471,1
26474,1
26477,1
26482,1
26491,1
26501,1
26521,1
26550,1
26556,1
26558,1
26579,1
26670,2
26676,1
26683,2
26687,1
26692,1
26704,1
26705,1
26708,1
26714,1
26720,1
26735,1
26752,1
26791,1
26793,1
26794,1
26799,1
26833,1
26848,1
26891,1
26952,1
26963,1
26976,1
26992,1
27002,1
27005,1
27012,1
27015,1
27032,1
27064,1
27087,1
27103,2
27120,1
27157,1
27173,1
27199,1
27200,1
27232,1
27239,1
27254,1
27264,1
27269,1
27329,1
27338,1
27357,1
27358,1
27370,1
27382,1
27400,1
27417,1
27449,1
27455,1
27463,1
27478,1
27481,1
27482,1
27489,1
27525,1
27527,1
27533,1
27613,1
27622,1
27624,1
27627,1
27629,1
27636,1
27684,1
27696,1
27713,2
27725,2
27740,1
27742,1
27755,1
27757,1
27760,1
27765,1
27777,1
27784,1
27791,1
27797,1
27807,2
27820,1
27839,1
27840,1
27843,1
27846,2
27854,1
27865,1
27874,2
27894,1
27895,1
27897,1
27908,1
27923,2
27934,1
27958,1
27960,1
27966,1
27971,1
28010,1
28020,2
28035,1
28039,1
28070,1
28084,1
28092,1
28118,1
28122,1
28161,1
28163,1
28171,1
28237,1
28257,1
28285,1
28304,1
28311,1
28316,1
28328,1
28332,1
28338,1
28340,1
28351,1
28363,1
28381,1
28397,1
28408,1
28433,1
28437,1
28471,1
28476,1
28489,1
28505,1
28508,1
28518,2
28529,1
28535,1
28553,1
28559,1
28562,1
28577,1
28608,1
28640,1
28671,1
28672,1
28689,1
28705,1
28709,1
28741,1
28753,1
28767,1
28792,1
28799,1
28838,1
28847,1
28879,1
28896,1
28902,1
28918,1
28922,1
28923,1
28930,1
28935,1
28994,1
28996,1
29043,1
29078,1
29091,1
29092,1
29100,1
29102,1
29136,2
29139,1
29142,1
29150,1
29182,1
29197,1
29239,1
29242,1
29261,1
29308,1
29309,1
29325,1
29331,1
29337,1
29352,1
29355,2
29359,2
29361,1
29368,1
29393,1
29394,1
29404,1
29420,1
29422,1
29428,1
29437,1
29447,1
29464,1
29470,1
29485,1
29491,1
29492,1
29509,1
29524,1
29551,1
29558,1
29567,1
29583,1
29589,1
29613,1
29632,1
29655,1
29660,1
29701,1
29720,1
29728,1
29739,2
29746,1
29747,1
29748,2
29780,1
29782,1
29789,1
29795,2
29800,1
29801,1
29805,1
29810,1
29848,1
29853,1
29855,1
29906,1
29908,1
29926,1
29937,1
30007,1
30014,1
30022,1
30029,1
30035,1
30042,1
30044,1
30045,1
30057,1
30073,1
30086,1
30098,1
30110,1
30111,1
30119,1
30140,1
30157,1
30171,1
30177,1
30203,1
30208,1
30220,1
30258,1
30279,1
30287,1
30298,1
30300,1
30313,1
30319,1
30329,1
30330,1
30335,1
30356,1
30365,1
30366,1
30378,1
30388,1
30396,1
30398,1
30424,1
30434,1
30465,1
30468,1
30475,1
30491,1
30506,1
30511,1
30516,1
30525,1
30533,1
30551,1
30574,1
30577,1
30600,1
30612,1
30624,1
30634,1
30642,2
30643,1
30665,1
30698,1
30729,1
30730,1
30749,1
30755,1
30759,1
30784,1
30818,1
30822,1
30823,1
30835,1
30837,1
30856,1
30866,1
30868,1
30905,2
30910,1
30923,1
30937,1
30961,1
30963,1
30984,1
30993,1
31004,1
31014,1
31024,1
31031,1
31038,1
31055,1
31072,1
31086,1
31109,1
31126,1
31148,1
31165,2
31172,1
31190,1
31194,1
31209,1
31212,1
31217,1
31219,1
31237,1
31243,1
31252,1
31256,1
31257,1
31259,1
31266,1
31274,1
31292,1
31293,1
31295,1
31297,1
31301,1
31308,1
31312,1
31332,1
31357,1
31387,1
31413,1
31439,1
31471,1
31472,1
31476,1
31492,1
31496,1
31503,1
31515,1
31521,1
31530,1
31532,1
31533,1
31536,1
31537,1
31547,2
31550,1
31551,1
31569,1
31577,1
31578,1
31583,2
31595,1
31605,1
31606,1
31614,1
31618,1
31625,1
31636,1
31643,1
31644,1
31646,1
31650,1
31659,1
31673,1
31699,1
31705,1
31708,1
31714,1
31755,1
31759,1
31770,1
31771,1
31785,1
31801,1
31816,2
31826,1
31836,1
31848,1
31861,1
31903,1
31904,1
31997,1
31998,1
32012,1
32024,2
32033,1
32044,1
32048,1
32053,1
32117,1
32118,1
32130,1
32140,1
32145,1
32151,1
32169,1
32184,1
32191,1
32192,1
32197,1
32204,1
32215,1
32233,1
32243,1
32259,1
32267,1
32278,1
32290,1
32343,1
32361,1
32365,1
32369,1
32419,1
32427,1
32435,1
32452,1
32471,1
32509,1
32510,1
32523,1
32566,1
32568,1
32573,1
32588,1
32610,1
32618,1
32625,1
32643,1
32673,1
32693,1
32701,1
32719,1
32720,1
32735,1
32761,1
